genome	N	n_ok	n_failed	locus_sn_mean	locus_sn_sd	locus_pr_mean	locus_pr_sd	exon_sn_mean	exon_sn_sd	exon_pr_mean	exon_pr_sd	intron_chain_sn_mean	intron_chain_sn_sd	intron_chain_pr_mean	intron_chain_pr_sd	busco_c_mean	busco_c_sd	n_complete_used_mean	n_complete_used_sd	n_keepers_mean	n_keepers_sd	n_single_admitted_mean	n_single_admitted_sd	pred_genes_mean	pred_genes_sd
Aspergillus_nidulans_FGSC_A4	50	5	0	51.52	0.55	54.84	0.18	60.32	0.86	73.08	0.22	46.36	0.47	54.34	0.22	97.42	0.45	49.00	2.24	22.00	5.83	9.00	0.00	4707.20	36.07
Aspergillus_nidulans_FGSC_A4	100	5	0	53.14	0.30	55.38	0.25	63.00	0.75	73.28	0.22	48.14	0.29	54.48	0.33	97.98	0.29	99.80	0.45	49.60	7.09	19.67	0.58	4807.00	35.66
Aspergillus_nidulans_FGSC_A4	200	5	0	53.96	0.23	55.60	0.16	64.54	0.27	73.44	0.15	49.02	0.22	54.68	0.18	98.04	0.15	199.20	0.45	100.00	4.24	37.25	1.26	4860.60	12.30
Aspergillus_nidulans_FGSC_A4	300	5	0	54.42	0.33	55.94	0.22	65.48	0.22	73.48	0.34	49.68	0.15	54.70	0.51	98.12	0.23	244.20	6.34	145.00	11.77	3.60	2.19	4872.80	13.97
Aspergillus_nidulans_FGSC_A4	500	5	0	54.66	0.45	56.10	0.21	65.90	0.86	73.64	0.09	49.82	0.47	54.96	0.36	98.26	0.27	366.00	88.18	246.00	6.78	6.40	1.14	4879.40	21.41
Aspergillus_nidulans_FGSC_A4	750	3	0	54.57	0.25	55.90	0.30	65.60	0.00	73.50	0.20	49.73	0.21	54.73	0.35	98.10	0.17	299.67	12.50	368.33	12.58	10.00	2.65	4886.33	5.51
Aspergillus_nidulans_FGSC_A4	1000	3	0	54.87	0.21	56.10	0.20	66.03	0.21	73.57	0.06	49.97	0.21	54.90	0.17	98.23	0.31	401.33	16.56	484.00	13.23	12.67	4.16	4897.67	13.32
Aspergillus_nidulans_FGSC_A4	2000	3	0	55.37	0.15	56.43	0.15	66.80	0.10	73.70	0.10	50.53	0.15	55.33	0.15	98.37	0.06	816.33	9.29	986.33	14.01	27.33	3.21	4914.00	3.61
Aspergillus_nidulans_FGSC_A4	busco_code_new	1	0	54.80		56.80		66.60		73.70		50.10		55.40		98.40								4833.00	
Botrytis_cinerea_B05.10	50	5	0	77.38	0.47	80.62	0.54	78.50	0.62	89.16	0.33	69.16	0.40	82.26	0.53	97.66	0.19	50.00	0.00	23.80	1.92	8.00		5381.60	28.14
Botrytis_cinerea_B05.10	100	5	0	79.96	0.58	81.00	0.16	81.50	0.54	89.18	0.16	71.78	0.38	82.08	0.40	98.24	0.18	99.60	0.89	46.60	7.64	22.00		5534.60	50.46
Botrytis_cinerea_B05.10	200	5	0	82.46	0.21	81.84	0.19	83.70	0.07	89.46	0.17	74.18	0.13	82.90	0.24	98.70	0.33	199.60	0.55	95.40	8.08	45.00		5649.00	13.73
Botrytis_cinerea_B05.10	300	5	0	81.92	0.81	81.34	0.90	84.00	0.19	88.86	0.65	74.86	0.30	81.84	1.39	98.54	0.23	234.60	2.61	146.00	11.55	2.00	1.41	5646.60	12.14
Botrytis_cinerea_B05.10	500	5	0	83.26	0.68	82.18	0.52	84.98	0.16	89.32	0.43	75.76	0.35	82.90	0.83	98.82	0.04	391.60	3.36	240.80	14.94	1.20	0.45	5678.40	11.84
Botrytis_cinerea_B05.10	750	3	0	82.50	0.96	81.87	0.68	84.20	0.26	89.13	0.55	75.00	0.00	82.60	1.13	98.47	0.06	271.00	3.00	349.00	7.00	2.67	2.08	5650.67	19.73
Botrytis_cinerea_B05.10	1000	3	0	83.43	0.32	82.43	0.23	84.77	0.29	89.50	0.20	75.37	0.29	83.47	0.31	98.90	0.17	395.67	4.16	497.33	10.50	2.67	0.58	5674.00	7.81
Botrytis_cinerea_B05.10	2000	3	0	84.43	0.15	83.07	0.15	85.63	0.12	89.83	0.06	76.30	0.10	84.07	0.06	99.03	0.12	748.67	4.04	976.00	8.72	6.67	0.58	5699.67	15.95
Botrytis_cinerea_B05.10	busco_code_new	1	0	82.00		82.00		83.90		88.80		74.40		82.80		98.80								5609.00	
Cryptococcus_neoformans_H99	50	0	5																						
Cryptococcus_neoformans_H99	100	0	5																						
Cryptococcus_neoformans_H99	200	0	5																						
Cryptococcus_neoformans_H99	300	0	5																						
Cryptococcus_neoformans_H99	500	0	5																						
Cryptococcus_neoformans_H99	750	0	3																						
Cryptococcus_neoformans_H99	1000	0	3																						
Cryptococcus_neoformans_H99	2000	0	3																						
Cryptococcus_neoformans_H99	busco_code_new	1	0	78.10		80.60		89.30		94.20		73.10		82.70		96.20								2636.00	
Neurospora_crassa_OR74A	50	5	0	60.04	1.27	71.36	0.84	63.04	0.99	81.02	0.54	56.34	1.14	74.16	0.89	96.46	0.46	50.00	0.00	22.20	4.55	8.50	4.95	3266.40	49.58
Neurospora_crassa_OR74A	100	5	0	62.66	1.15	72.60	0.95	65.34	0.65	81.86	0.86	59.14	0.88	75.22	1.21	96.74	0.15	97.80	3.49	47.20	3.49	23.60	1.14	3349.20	27.74
Neurospora_crassa_OR74A	200	5	0	64.42	0.56	73.32	0.29	67.62	0.59	82.44	0.35	61.02	0.43	75.48	0.25	97.26	0.18	196.00	5.96	94.20	6.50	46.80	1.48	3410.80	21.81
Neurospora_crassa_OR74A	300	5	0	64.12	1.01	73.12	0.49	67.60	0.76	81.84	0.30	61.06	0.84	74.74	0.57	97.20	0.27	229.40	9.56	143.80	12.48	4.00	2.00	3401.40	30.58
Neurospora_crassa_OR74A	500	5	0	65.34	0.76	73.90	0.58	68.62	0.50	82.32	0.36	62.16	0.65	75.40	0.63	97.38	0.33	380.40	7.83	238.00	7.62	10.40	1.52	3431.60	14.43
Neurospora_crassa_OR74A	750	3	0	64.73	0.55	73.47	0.35	68.30	0.44	82.27	0.31	61.63	0.55	75.20	0.52	97.23	0.15	275.00	14.73	346.33	7.77	14.00	3.00	3419.00	13.23
Neurospora_crassa_OR74A	1000	3	0	65.90	0.44	74.27	0.31	69.27	0.38	82.90	0.26	62.63	0.23	75.97	0.47	97.37	0.15	376.33	13.80	473.33	12.01	19.00	2.00	3444.00	7.81
Neurospora_crassa_OR74A	busco_code_new	1	0	66.00		74.10		69.80		82.30		62.60		75.60		97.50								3456.00	
